time,Encounter for Test,Terminal,Wait Until Exposure
1580533200000-1581137999999,0.0005,0.1,0.8995000000000001
1581138000000-1581742799999,0.0005,0.1,0.8995000000000001
1581742800000-1582347599999,0.0005,0.1,0.8995000000000001
1582347600000-1582952399999,0.0005,0.1,0.8995000000000001
1582952400000-1583557199999,0.0005,0.1,0.8995000000000001
1583557200000-1584158399999,0.01,0.1,0.89
1584158400000-1584763199999,0.02,0.1,0.88
1584763200000-1585367999999,0.2,0.1,0.7000000000000001
