age,gender,Cystitis,Pyelonephritis
15-24,F,0.977044476,0.022955524
25-44,F,0.97826087,0.02173913
45-64,F,0.979890311,0.020109689
65-74,F,0.987792472,0.012207528
75-140,F,0.982372881,0.017627119
15-24,M,0.928571429,0.071428571
25-44,M,0.972222222,0.027777778
45-64,M,0.964285714,0.035714286
65-74,M,0.971774194,0.028225806
75-140,M,0.980237154,0.019762846