{
  "Barnstable": {
    "population": 44331,
    "state": "Massachusetts",
    "county": "Barnstable County",
    "ages": {
      "0..4": 0.03810425832699584,
      "5..9": 0.04199539968180355,
      "10..14": 0.04590053794795949,
      "15..19": 0.0495537318098473,
      "20..24": 0.0523577797166092,
      "25..29": 0.043003177298876046,
      "30..34": 0.04422557422328806,
      "35..39": 0.042126037521053684,
      "40..44": 0.04613848544087938,
      "45..49": 0.06013073115199246,
      "50..54": 0.07689436531005492,
      "55..59": 0.08671553143939571,
      "60..64": 0.08761133376568238,
      "65..69": 0.08946825733788077,
      "70..74": 0.069387355190288,
      "75..79": 0.04838265689371212,
      "80..84": 0.037026496153182195,
      "85..110": 0.040978290790498896
    },
    "gender": {
      "male": 0.47638487773697935,
      "female": 0.5236151222630206
    },
    "race": {
      "white": 0.932754172245991,
      "hispanic": 0.028409064399789113,
      "black": 0.026762094497814148,
      "asian": 0.014094889727666761,
      "native": 0.008015564565419232,
      "other": 0.001
    }
  },
  "Bourne": {
    "population": 19681,
    "state": "Massachusetts",
    "county": "Barnstable County",
    "ages": {
      "0..4": 0.03810425832699584,
      "5..9": 0.04199539968180355,
      "10..14": 0.04590053794795949,
      "15..19": 0.0495537318098473,
      "20..24": 0.0523577797166092,
      "25..29": 0.043003177298876046,
      "30..34": 0.04422557422328806,
      "35..39": 0.042126037521053684,
      "40..44": 0.04613848544087938,
      "45..49": 0.06013073115199246,
      "50..54": 0.07689436531005492,
      "55..59": 0.08671553143939571,
      "60..64": 0.08761133376568238,
      "65..69": 0.08946825733788077,
      "70..74": 0.069387355190288,
      "75..79": 0.04838265689371212,
      "80..84": 0.037026496153182195,
      "85..110": 0.040978290790498896
    },
    "gender": {
      "male": 0.47638487773697935,
      "female": 0.5236151222630206
    },
    "race": {
      "white": 0.932754172245991,
      "hispanic": 0.028409064399789113,
      "black": 0.026762094497814148,
      "asian": 0.014094889727666761,
      "native": 0.008015564565419232,
      "other": 0.001
    }
  },
  "Brewster": {
    "population": 9918,
    "state": "Massachusetts",
    "county": "Barnstable County",
    "ages": {
      "0..4": 0.03810425832699584,
      "5..9": 0.04199539968180355,
      "10..14": 0.04590053794795949,
      "15..19": 0.0495537318098473,
      "20..24": 0.0523577797166092,
      "25..29": 0.043003177298876046,
      "30..34": 0.04422557422328806,
      "35..39": 0.042126037521053684,
      "40..44": 0.04613848544087938,
      "45..49": 0.06013073115199246,
      "50..54": 0.07689436531005492,
      "55..59": 0.08671553143939571,
      "60..64": 0.08761133376568238,
      "65..69": 0.08946825733788077,
      "70..74": 0.069387355190288,
      "75..79": 0.04838265689371212,
      "80..84": 0.037026496153182195,
      "85..110": 0.040978290790498896
    },
    "gender": {
      "male": 0.47638487773697935,
      "female": 0.5236151222630206
    },
    "race": {
      "white": 0.932754172245991,
      "hispanic": 0.028409064399789113,
      "black": 0.026762094497814148,
      "asian": 0.014094889727666761,
      "native": 0.008015564565419232,
      "other": 0.001
    }
  },
  "Chatham": {
    "population": 6143,
    "state": "Massachusetts",
    "county": "Barnstable County",
    "ages": {
      "0..4": 0.03810425832699584,
      "5..9": 0.04199539968180355,
      "10..14": 0.04590053794795949,
      "15..19": 0.0495537318098473,
      "20..24": 0.0523577797166092,
      "25..29": 0.043003177298876046,
      "30..34": 0.04422557422328806,
      "35..39": 0.042126037521053684,
      "40..44": 0.04613848544087938,
      "45..49": 0.06013073115199246,
      "50..54": 0.07689436531005492,
      "55..59": 0.08671553143939571,
      "60..64": 0.08761133376568238,
      "65..69": 0.08946825733788077,
      "70..74": 0.069387355190288,
      "75..79": 0.04838265689371212,
      "80..84": 0.037026496153182195,
      "85..110": 0.040978290790498896
    },
    "gender": {
      "male": 0.47638487773697935,
      "female": 0.5236151222630206
    },
    "race": {
      "white": 0.932754172245991,
      "hispanic": 0.028409064399789113,
      "black": 0.026762094497814148,
      "asian": 0.014094889727666761,
      "native": 0.008015564565419232,
      "other": 0.001
    }
  },
  "Dennis": {
    "population": 14005,
    "state": "Massachusetts",
    "county": "Barnstable County",
    "ages": {
      "0..4": 0.03810425832699584,
      "5..9": 0.04199539968180355,
      "10..14": 0.04590053794795949,
      "15..19": 0.0495537318098473,
      "20..24": 0.0523577797166092,
      "25..29": 0.043003177298876046,
      "30..34": 0.04422557422328806,
      "35..39": 0.042126037521053684,
      "40..44": 0.04613848544087938,
      "45..49": 0.06013073115199246,
      "50..54": 0.07689436531005492,
      "55..59": 0.08671553143939571,
      "60..64": 0.08761133376568238,
      "65..69": 0.08946825733788077,
      "70..74": 0.069387355190288,
      "75..79": 0.04838265689371212,
      "80..84": 0.037026496153182195,
      "85..110": 0.040978290790498896
    },
    "gender": {
      "male": 0.47638487773697935,
      "female": 0.5236151222630206
    },
    "race": {
      "white": 0.932754172245991,
      "hispanic": 0.028409064399789113,
      "black": 0.026762094497814148,
      "asian": 0.014094889727666761,
      "native": 0.008015564565419232,
      "other": 0.001
    }
  },
  "Eastham": {
    "population": 4915,
    "state": "Massachusetts",
    "county": "Barnstable County",
    "ages": {
      "0..4": 0.03810425832699584,
      "5..9": 0.04199539968180355,
      "10..14": 0.04590053794795949,
      "15..19": 0.0495537318098473,
      "20..24": 0.0523577797166092,
      "25..29": 0.043003177298876046,
      "30..34": 0.04422557422328806,
      "35..39": 0.042126037521053684,
      "40..44": 0.04613848544087938,
      "45..49": 0.06013073115199246,
      "50..54": 0.07689436531005492,
      "55..59": 0.08671553143939571,
      "60..64": 0.08761133376568238,
      "65..69": 0.08946825733788077,
      "70..74": 0.069387355190288,
      "75..79": 0.04838265689371212,
      "80..84": 0.037026496153182195,
      "85..110": 0.040978290790498896
    },
    "gender": {
      "male": 0.47638487773697935,
      "female": 0.5236151222630206
    },
    "race": {
      "white": 0.932754172245991,
      "hispanic": 0.028409064399789113,
      "black": 0.026762094497814148,
      "asian": 0.014094889727666761,
      "native": 0.008015564565419232,
      "other": 0.001
    }
  },
  "Falmouth": {
    "population": 31524,
    "state": "Massachusetts",
    "county": "Barnstable County",
    "ages": {
      "0..4": 0.03810425832699584,
      "5..9": 0.04199539968180355,
      "10..14": 0.04590053794795949,
      "15..19": 0.0495537318098473,
      "20..24": 0.0523577797166092,
      "25..29": 0.043003177298876046,
      "30..34": 0.04422557422328806,
      "35..39": 0.042126037521053684,
      "40..44": 0.04613848544087938,
      "45..49": 0.06013073115199246,
      "50..54": 0.07689436531005492,
      "55..59": 0.08671553143939571,
      "60..64": 0.08761133376568238,
      "65..69": 0.08946825733788077,
      "70..74": 0.069387355190288,
      "75..79": 0.04838265689371212,
      "80..84": 0.037026496153182195,
      "85..110": 0.040978290790498896
    },
    "gender": {
      "male": 0.47638487773697935,
      "female": 0.5236151222630206
    },
    "race": {
      "white": 0.932754172245991,
      "hispanic": 0.028409064399789113,
      "black": 0.026762094497814148,
      "asian": 0.014094889727666761,
      "native": 0.008015564565419232,
      "other": 0.001
    }
  },
  "Harwich": {
    "population": 12180,
    "state": "Massachusetts",
    "county": "Barnstable County",
    "ages": {
      "0..4": 0.03810425832699584,
      "5..9": 0.04199539968180355,