{
  "Aquinnah": {
    "population": 328,
    "state": "Massachusetts",
    "county": "Dukes County",
    "ages": {
      "0..4": 0.04728597028729985,
      "5..9": 0.05410717382507659,
      "10..14": 0.048557720099427715,
      "15..19": 0.0497716631019134,
      "20..24": 0.047979652003005954,
      "25..29": 0.049309208624776,
      "30..34": 0.05821145730967108,
      "35..39": 0.05722874154575409,
      "40..44": 0.05919417307358807,
      "45..49": 0.06832764899705185,
      "50..54": 0.08214347650153188,
      "55..59": 0.08087172668940401,
      "60..64": 0.08792415746574947,
      "65..69": 0.08306838545580669,
      "70..74": 0.05052315162726169,
      "75..79": 0.03017515463321579,
      "80..84": 0.021099485519394185,
      "85..110": 0.02422105324007168
    },
    "gender": {
      "male": 0.49523093820452047,
      "female": 0.5047690617954795
    },
    "race": {
      "white": 0.9051968321868316,
      "hispanic": 0.033874790450315044,
      "black": 0.03838372160240476,
      "asian": 0.009711544019885542,
      "native": 0.013468986646626973,
      "other": 0.001
    }
  },
  "Chilmark": {
    "population": 916,
    "state": "Massachusetts",
    "county": "Dukes County",
    "ages": {
      "0..4": 0.04728597028729985,
      "5..9": 0.05410717382507659,
      "10..14": 0.048557720099427715,
      "15..19": 0.0497716631019134,
      "20..24": 0.047979652003005954,
      "25..29": 0.049309208624776,
      "30..34": 0.05821145730967108,
      "35..39": 0.05722874154575409,
      "40..44": 0.05919417307358807,
      "45..49": 0.06832764899705185,
      "50..54": 0.08214347650153188,
      "55..59": 0.08087172668940401,
      "60..64": 0.08792415746574947,
      "65..69": 0.08306838545580669,
      "70..74": 0.05052315162726169,
      "75..79": 0.03017515463321579,
      "80..84": 0.021099485519394185,
      "85..110": 0.02422105324007168
    },
    "gender": {
      "male": 0.49523093820452047,
      "female": 0.5047690617954795
    },
    "race": {
      "white": 0.9051968321868316,
      "hispanic": 0.033874790450315044,
      "black": 0.03838372160240476,
      "asian": 0.009711544019885542,
      "native": 0.013468986646626973,
      "other": 0.001
    }
  },
  "Edgartown": {
    "population": 4306,
    "state": "Massachusetts",
    "county": "Dukes County",
    "ages": {
      "0..4": 0.04728597028729985,
      "5..9": 0.05410717382507659,
      "10..14": 0.048557720099427715,
      "15..19": 0.0497716631019134,
      "20..24": 0.047979652003005954,
      "25..29": 0.049309208624776,
      "30..34": 0.05821145730967108,
      "35..39": 0.05722874154575409,
      "40..44": 0.05919417307358807,
      "45..49": 0.06832764899705185,
      "50..54": 0.08214347650153188,
      "55..59": 0.08087172668940401,
      "60..64": 0.08792415746574947,
      "65..69": 0.08306838545580669,
      "70..74": 0.05052315162726169,
      "75..79": 0.03017515463321579,
      "80..84": 0.021099485519394185,
      "85..110": 0.02422105324007168
    },
    "gender": {
      "male": 0.49523093820452047,
      "female": 0.5047690617954795
    },
    "race": {
      "white": 0.9051968321868316,
      "hispanic": 0.033874790450315044,
      "black": 0.03838372160240476,
      "asian": 0.009711544019885542,
      "native": 0.013468986646626973,
      "other": 0.001
    }
  },
  "Gosnold": {
    "population": 77,
    "state": "Massachusetts",
    "county": "Dukes County",
    "ages": {
      "0..4": 0.04728597028729985,
      "5..9": 0.05410717382507659,
      "10..14": 0.048557720099427715,
      "15..19": 0.0497716631019134,
      "20..24": 0.047979652003005954,
      "25..29": 0.049309208624776,
      "30..34": 0.05821145730967108,
      "35..39": 0.05722874154575409,
      "40..44": 0.05919417307358807,
      "45..49": 0.06832764899705185,
      "50..54": 0.08214347650153188,
      "55..59": 0.08087172668940401,
      "60..64": 0.08792415746574947,
      "65..69": 0.08306838545580669,
      "70..74": 0.05052315162726169,
      "75..79": 0.03017515463321579,
      "80..84": 0.021099485519394185,
      "85..110": 0.02422105324007168
    },
    "gender": {
      "male": 0.49523093820452047,
      "female": 0.5047690617954795
    },
    "race": {
      "white": 0.9051968321868316,
      "hispanic": 0.033874790450315044,
      "black": 0.03838372160240476,
      "asian": 0.009711544019885542,
      "native": 0.013468986646626973,
      "other": 0.001
    }
  },
  "Oak Bluffs": {
    "population": 4677,
    "state": "Massachusetts",
    "county": "Dukes County",
    "ages": {
      "0..4": 0.04728597028729985,
      "5..9": 0.05410717382507659,
      "10..14": 0.048557720099427715,
      "15..19": 0.0497716631019134,
      "20..24": 0.047979652003005954,
      "25..29": 0.049309208624776,
      "30..34": 0.05821145730967108,
      "35..39": 0.05722874154575409,
      "40..44": 0.05919417307358807,
      "45..49": 0.06832764899705185,
      "50..54": 0.08214347650153188,
      "55..59": 0.08087172668940401,
      "60..64": 0.08792415746574947,
      "65..69": 0.08306838545580669,
      "70..74": 0.05052315162726169,
      "75..79": 0.03017515463321579,
      "80..84": 0.021099485519394185,
      "85..110": 0.02422105324007168
    },
    "gender": {
      "male": 0.49523093820452047,
      "female": 0.5047690617954795
    },
    "race": {
      "white": 0.9051968321868316,
      "hispanic": 0.033874790450315044,
      "black": 0.03838372160240476,
      "asian": 0.009711544019885542,
      "native": 0.013468986646626973,
      "other": 0.001
    }
  },
  "Tisbury": {
    "population": 4099,
    "state": "Massachusetts",
    "county": "Dukes County",
    "ages": {
      "0..4": 0.04728597028729985,
      "5..9": 0.05410717382507659,
      "10..14": 0.048557720099427715,
      "15..19": 0.0497716631019134,
      "20..24": 0.047979652003005954,
      "25..29": 0.049309208624776,
      "30..34": 0.05821145730967108,
      "35..39": 0.05722874154575409,
      "40..44": 0.05919417307358807,
      "45..49": 0.06832764899705185,
      "50..54": 0.08214347650153188,
      "55..59": 0.08087172668940401,
      "60..64": 0.08792415746574947,
      "65..69": 0.08306838545580669,
      "70..74": 0.05052315162726169,
      "75..79": 0.03017515463321579,
      "80..84": 0.021099485519394185,
      "85..110": 0.02422105324007168
    },
    "gender": {
      "male": 0.49523093820452047,
      "female": 0.5047690617954795
    },
    "race": {
      "white": 0.9051968321868316,
      "hispanic": 0.033874790450315044,
      "black": 0.03838372160240476,
      "asian": 0.009711544019885542,
      "native": 0.013468986646626973,
      "other": 0.001
    }
  },
  "West Tisbury": {
    "population": 2896,
    "state": "Massachusetts",
    "county": "Dukes County",
    "ages": {
      "0..4": 0.04728597028729985,
      "5..9": 0.05410717382507659,
      "10..14": 0.048557720099427715,
      "15..19": 0.0497716631019134,
      "20..24": 0.047979652003005954,
      "25..29": 0.049309208624776,
      "30..34": 0.05821145730967108,
      "35..39": 0.05722874154575409,
      "40..44": 0.05919417307358807,
      "45..49": 0.06832764899705185,
      "50..54": 0.08214347650153188,
      "55..59": 0.08087172668940401,
      "60..64": 0.08792415746574947,
      "65..69": 0.08306838545580669,
      "70..74": 0.05052315162726169,
      "75..79": 0.03017515463321579,
      "80..84": 0.021099485519394185,
      "85..110": 0.02422105324007168
    },
    "gender": {
      "male": 0.49523093820452047,
      "female": 0.5047690617954795
    },
    "race": {
      "white": 0.9051968321868316,
      "hispanic": 0.033874790450315044,
      "black": 0.03838372160240476,
      "asian": 0.009711544019885542,
      "native": 0.013468986646626973,
      "other": 0.001
    }
  }
}