{
  "Nantucket": {
    "population": 10925,
    "state": "Massachusetts",
    "county": "Nantucket County",
    "ages": {
      "0..4": 0.06334096109839817,
      "5..9": 0.05986270022883295,
      "10..14": 0.0565675057208238,
      "15..19": 0.04494279176201373,
      "20..24": 0.04649885583524027,
      "25..29": 0.06279176201372998,
      "30..34": 0.07917620137299772,
      "35..39": 0.07414187643020595,
      "40..44": 0.07780320366132723,
      "45..49": 0.08109839816933638,
      "50..54": 0.07963386727688787,
      "55..59": 0.07212814645308925,
      "60..64": 0.06132723112128147,
      "65..69": 0.051350114416475974,
      "70..74": 0.03148741418764302,
      "75..79": 0.02471395881006865,
      "80..84": 0.014645308924485127,
      "85..110": 0.018489702517162473
    },
    "gender": {
      "male": 0.5063615560640732,
      "female": 0.49363844393592676
    },
    "race": {
      "white": 0.8763386727688787,
      "hispanic": 0.1308924485125858,
      "black": 0.08906178489702517,
      "asian": 0.013821510297482837,
      "native": 0.0023798627002288328,
      "other": 0.001
    },
    "income": {
      "mean": 118193,
      "median": 86529,
      "00..10": 0.031,
      "10..15": 0.039,
      "15..25": 0.044000000000000004,
      "25..35": 0.039,
      "35..50": 0.1,
      "50..75": 0.158,
      "75..100": 0.162,
      "100..150": 0.23199999999999998,
      "150..200": 0.107,
      "200..999": 0.08800000000000001
    },
    "education": {
      "less_than_hs": 0.213,
      "hs_degree": 0.262,
      "some_college": 0.39299999999999996,
      "bs_degree": 0.132
    }
  }
}