{
  "Avon": {
    "population": 4498,
    "state": "Massachusetts",
    "county": "Norfolk County",
    "gender": {
      "male": 0.4793534121717242,
      "female": 0.5206465878282758
    },
    "race": {
      "white": 0.8017163225927879,
      "hispanic": 0.04168827754255247,
      "black": 0.07099765381316422,
      "asian": 0.10622206450074208,
      "native": 0.002543019411714843,
      "other": 0.001
    }
  },
  "Bellingham": {
    "population": 16891,
    "state": "Massachusetts",
    "county": "Norfolk County",
    "gender": {
      "male": 0.4793534121717242,
      "female": 0.5206465878282758
    },
    "race": {
      "white": 0.8017163225927879,
      "hispanic": 0.04168827754255247,
      "black": 0.07099765381316422,
      "asian": 0.10622206450074208,
      "native": 0.002543019411714843,
      "other": 0.001
    }
  },
  "Braintree": {
    "population": 37497,
    "state": "Massachusetts",
    "county": "Norfolk County",
    "gender": {
      "male": 0.4793534121717242,
      "female": 0.5206465878282758
    },
    "race": {
      "white": 0.8017163225927879,
      "hispanic": 0.04168827754255247,
      "black": 0.07099765381316422,
      "asian": 0.10622206450074208,
      "native": 0.002543019411714843,
      "other": 0.001
    }
  },
  "Brookline": {
    "population": 59195,
    "state": "Massachusetts",
    "county": "Norfolk County",
    "gender": {
      "male": 0.4793534121717242,
      "female": 0.5206465878282758
    },
    "race": {
      "white": 0.8017163225927879,
      "hispanic": 0.04168827754255247,
      "black": 0.07099765381316422,
      "asian": 0.10622206450074208,
      "native": 0.002543019411714843,
      "other": 0.001
    }
  },
  "Canton": {
    "population": 22817,
    "state": "Massachusetts",
    "county": "Norfolk County",
    "gender": {
      "male": 0.4793534121717242,
      "female": 0.5206465878282758
    },
    "race": {
      "white": 0.8017163225927879,
      "hispanic": 0.04168827754255247,
      "black": 0.07099765381316422,
      "asian": 0.10622206450074208,
      "native": 0.002543019411714843,
      "other": 0.001
    }
  },
  "Cohasset": {
    "population": 8393,
    "state": "Massachusetts",
    "county": "Norfolk County",
    "gender": {
      "male": 0.4793534121717242,
      "female": 0.5206465878282758
    },
    "race": {
      "white": 0.8017163225927879,
      "hispanic": 0.04168827754255247,
      "black": 0.07099765381316422,
      "asian": 0.10622206450074208,
      "native": 0.002543019411714843,
      "other": 0.001
    }
  },
  "Dedham": {
    "population": 25397,
    "state": "Massachusetts",
    "county": "Norfolk County",
    "gender": {
      "male": 0.4793534121717242,
      "female": 0.5206465878282758
    },
    "race": {
      "white": 0.8017163225927879,
      "hispanic": 0.04168827754255247,
      "black": 0.07099765381316422,
      "asian": 0.10622206450074208,
      "native": 0.002543019411714843,
      "other": 0.001
    }
  },
  "Dover": {
    "population": 5961,
    "state": "Massachusetts",
    "county": "Norfolk County",
    "gender": {
      "male": 0.4793534121717242,
      "female": 0.5206465878282758
    },
    "race": {
      "white": 0.8017163225927879,
      "hispanic": 0.04168827754255247,
      "black": 0.07099765381316422,
      "asian": 0.10622206450074208,
      "native": 0.002543019411714843,
      "other": 0.001
    }
  },
  "Foxborough": {
    "population": 17456,
    "state": "Massachusetts",
    "county": "Norfolk County",
    "gender": {
      "male": 0.4793534121717242,
      "female": 0.5206465878282758
    },
    "race": {
      "white": 0.8017163225927879,
      "hispanic": 0.04168827754255247,
      "black": 0.07099765381316422,
      "asian": 0.10622206450074208,
      "native": 0.002543019411714843,
      "other": 0.001
    }
  },
  "Franklin": {
    "population": 33147,
    "state": "Massachusetts",
    "county": "Norfolk County",
    "gender": {
      "male": 0.4793534121717242,
      "female": 0.5206465878282758
    },
    "race": {
      "white": 0.8017163225927879,
      "hispanic": 0.04168827754255247,
      "black": 0.07099765381316422,
      "asian": 0.10622206450074208,
      "native": 0.002543019411714843,
      "other": 0.001
    }
  },
  "Holbrook": {
    "population": 11050,
    "state": "Massachusetts",
    "county": "Norfolk County",
    "gender": {
      "male": 0.4793534121717242,
      "female": 0.5206465878282758
    },
    "race": {
      "white": 0.8017163225927879,
      "hispanic": 0.04168827754255247,
      "black": 0.07099765381316422,
      "asian": 0.10622206450074208,
      "native": 0.002543019411714843,
      "other": 0.001
    }
  },
  "Medfield": {
    "population": 12718,
    "state": "Massachusetts",
    "county": "Norfolk County",
    "gender": {
      "male": 0.4793534121717242,
      "female": 0.5206465878282758
    },
    "race": {
      "white": 0.8017163225927879,
      "hispanic": 0.04168827754255247,
      "black": 0.07099765381316422,
      "asian": 0.10622206450074208,
      "native": 0.002543019411714843,
      "other": 0.001
    }
  },
  "Medway": {
    "population": 13253,
    "state": "Massachusetts",
    "county": "Norfolk County",
    "gender": {
      "male": 0.4793534121717242,
      "female": 0.5206465878282758
    },
    "race": {
      "white": 0.8017163225927879,
      "hispanic": 0.04168827754255247,
      "black": 0.07099765381316422,
      "asian": 0.10622206450074208,
      "native": 0.002543019411714843,
      "other": 0.001
    }
  },
  "Millis": {
    "population": 8169,
    "state": "Massachusetts",
    "county": "Norfolk County",
    "gender": {
      "male": 0.4793534121717242,
      "female": 0.5206465878282758
    },
    "race": {
      "white": 0.8017163225927879,
      "hispanic": 0.04168827754255247,
      "black": 0.07099765381316422,
      "asian": 0.10622206450074208,
      "native": 0.002543019411714843,
      "other": 0.001
    }
  },
  "Milton": {
    "population": 27374,
    "state": "Massachusetts",
    "county": "Norfolk County",
    "gender": {
      "male": 0.4793534121717242,
      "female": 0.5206465878282758
    },
    "race": {
      "white": 0.8017163225927879,
      "hispanic": 0.04168827754255247,
      "black": 0.07099765381316422,
      "asian": 0.10622206450074208,
      "native": 0.002543019411714843,
      "other": 0.001
    }
  },
  "Needham": {
    "population": 30564,
    "state": "Massachusetts",
    "county": "Norfolk County",
    "gender": {
      "male": 0.4793534121717242,
      "female": 0.5206465878282758
    },
    "race": {
      "white": 0.8017163225927879,
      "hispanic": 0.04168827754255247,
      "black": 0.07099765381316422,
      "asian": 0.10622206450074208,
      "native": 0.002543019411714843,
      "other": 0.001
    }
  },
  "Norfolk": {
    "population": 11908,
    "state": "Massachusetts",
    "county": "Norfolk County",
    "gender": {
      "male": 0.4793534121717242,
      "female": 0.5206465878282758
    },
    "race": {
      "white": 0.8017163225927879,
      "hispanic": 0.04168827754255247,
      "black": 0.07099765381316422,
      "asian": 0.10622206450074208,
      "native": 0.002543019411714843,
      "other": 0.001
    }
  },
  "Norwood": {
    "population": 29095,
    "state": "Massachusetts",
    "county": "Norfolk County",
    "gender": {
      "male": 0.4793534121717242,
      "female": 0.5206465878282758
    },
    "race": {
      "white": 0.8017163225927879,
      "hispanic": 0.04168827754255247,
      "black": 0.07099765381316422,
      "asian": 0.10622206450074208,
      "native": 0.002543019411714843,
      "other": 0.001
    }
  },
  "Plainville": {
    "population": 9057,
    "state": "Massachusetts",
    "county": "Norfolk County",
    "gender": {
      "male": 0.4793534121717242,
      "female": 0.5206465878282758
    },
    "race": {
      "white": 0.8017163225927879,
      "hispanic": 0.04168827754255247,
      "black": 0.07099765381316422,
      "asian": 0.10622206450074208,