{
  "Boston": {
    "population": 667137,
    "state": "Massachusetts",
    "county": "Suffolk County",
    "ages": {
      "0..4": 0.05677908705715435,
      "5..9": 0.04605967452362807,
      "10..14": 0.042489535689179445,
      "15..19": 0.06733143045875899,
      "20..24": 0.09924034950862398,
      "25..29": 0.13058380380429266,
      "30..34": 0.09906299919935331,
      "35..39": 0.06956630138500311,
      "40..44": 0.05951388023199477,
      "45..49": 0.05765812772049591,
      "50..54": 0.05810150349367258,
      "55..59": 0.05503771264366339,
      "60..64": 0.04744506317140908,
      "65..69": 0.037097058169616295,
      "70..74": 0.02559756130473281,
      "75..79": 0.018793992194016097,
      "80..84": 0.013544166010170654,
      "85..110": 0.016097753434234523
    },
    "gender": {
      "male": 0.4844349400671618,
      "female": 0.5155650599328382
    },
    "race": {
      "white": 0.6212234344015904,
      "hispanic": 0.22141286509424626,
      "black": 0.2474756496740224,
      "asian": 0.09066456245236923,
      "native": 0.009193942844364823,
      "other": 0.001
    }
  },
  "Chelsea": {
    "population": 39398,
    "state": "Massachusetts",
    "county": "Suffolk County",
    "ages": {
      "0..4": 0.05677908705715435,
      "5..9": 0.04605967452362807,
      "10..14": 0.042489535689179445,
      "15..19": 0.06733143045875899,
      "20..24": 0.09924034950862398,
      "25..29": 0.13058380380429266,
      "30..34": 0.09906299919935331,
      "35..39": 0.06956630138500311,
      "40..44": 0.05951388023199477,
      "45..49": 0.05765812772049591,
      "50..54": 0.05810150349367258,
      "55..59": 0.05503771264366339,
      "60..64": 0.04744506317140908,
      "65..69": 0.037097058169616295,
      "70..74": 0.02559756130473281,
      "75..79": 0.018793992194016097,
      "80..84": 0.013544166010170654,
      "85..110": 0.016097753434234523
    },
    "gender": {
      "male": 0.4844349400671618,
      "female": 0.5155650599328382
    },
    "race": {
      "white": 0.6212234344015904,
      "hispanic": 0.22141286509424626,
      "black": 0.2474756496740224,
      "asian": 0.09066456245236923,
      "native": 0.009193942844364823,
      "other": 0.001
    }
  },
  "Revere": {
    "population": 53422,
    "state": "Massachusetts",
    "county": "Suffolk County",
    "ages": {
      "0..4": 0.05677908705715435,
      "5..9": 0.04605967452362807,
      "10..14": 0.042489535689179445,
      "15..19": 0.06733143045875899,
      "20..24": 0.09924034950862398,
      "25..29": 0.13058380380429266,
      "30..34": 0.09906299919935331,
      "35..39": 0.06956630138500311,
      "40..44": 0.05951388023199477,
      "45..49": 0.05765812772049591,
      "50..54": 0.05810150349367258,
      "55..59": 0.05503771264366339,
      "60..64": 0.04744506317140908,
      "65..69": 0.037097058169616295,
      "70..74": 0.02559756130473281,
      "75..79": 0.018793992194016097,
      "80..84": 0.013544166010170654,
      "85..110": 0.016097753434234523
    },
    "gender": {
      "male": 0.4844349400671618,
      "female": 0.5155650599328382
    },
    "race": {
      "white": 0.6212234344015904,
      "hispanic": 0.22141286509424626,
      "black": 0.2474756496740224,
      "asian": 0.09066456245236923,
      "native": 0.009193942844364823,
      "other": 0.001
    }
  },
  "Winthrop": {
    "population": 18164,
    "state": "Massachusetts",
    "county": "Suffolk County",
    "ages": {
      "0..4": 0.05677908705715435,
      "5..9": 0.04605967452362807,
      "10..14": 0.042489535689179445,
      "15..19": 0.06733143045875899,
      "20..24": 0.09924034950862398,
      "25..29": 0.13058380380429266,
      "30..34": 0.09906299919935331,
      "35..39": 0.06956630138500311,
      "40..44": 0.05951388023199477,
      "45..49": 0.05765812772049591,
      "50..54": 0.05810150349367258,
      "55..59": 0.05503771264366339,
      "60..64": 0.04744506317140908,
      "65..69": 0.037097058169616295,
      "70..74": 0.02559756130473281,
      "75..79": 0.018793992194016097,
      "80..84": 0.013544166010170654,
      "85..110": 0.016097753434234523
    },
    "gender": {
      "male": 0.4844349400671618,
      "female": 0.5155650599328382
    },
    "race": {
      "white": 0.6212234344015904,
      "hispanic": 0.22141286509424626,
      "black": 0.2474756496740224,
      "asian": 0.09066456245236923,
      "native": 0.009193942844364823,
      "other": 0.001
    }
  }
}