{
  "Boston": {
    "population": 667137,
    "state": "Massachusetts",
    "county": "Suffolk County",
    "ages": {
      "0..4": 0.05677908705715435,
      "5..9": 0.04605967452362807,
      "10..14": 0.042489535689179445,
      "15..19": 0.06733143045875899,
      "20..24": 0.09924034950862398,
      "25..29": 0.13058380380429266,
      "30..34": 0.09906299919935331,
      "35..39": 0.06956630138500311,
      "40..44": 0.05951388023199477,
      "45..49": 0.05765812772049591,
      "50..54": 0.05810150349367258,
      "55..59": 0.05503771264366339,
      "60..64": 0.04744506317140908,
      "65..69": 0.037097058169616295,
      "70..74": 0.02559756130473281,
      "75..79": 0.018793992194016097,
      "80..84": 0.013544166010170654,
      "85..110": 0.016097753434234523
    },
    "gender": {
      "male": 0.4844349400671618,
      "female": 0.5155650599328382
    },
    "race": {
      "white": 0.6212234344015904,
      "hispanic": 0.22141286509424626,
      "black": 0.2474756496740224,
      "asian": 0.09066456245236923,
      "native": 0.009193942844364823,
      "other": 0.001
    },
    "income": {
      "mean": 83217,
      "median": 54485,
      "00..10": 0.122,
      "10..15": 0.073,
      "15..25": 0.09699999999999999,
      "25..35": 0.07400000000000001,
      "35..50": 0.102,
      "50..75": 0.14800000000000002,
      "75..100": 0.106,
      "100..150": 0.13699999999999998,
      "150..200": 0.064,
      "200..999": 0.077
    },
    "education": {
      "less_than_hs": 0.07400000000000001,
      "hs_degree": 0.191,
      "some_college": 0.54,
      "bs_degree": 0.195
    }
  },
  "Chelsea": {
    "population": 39398,
    "state": "Massachusetts",
    "county": "Suffolk County",
    "ages": {
      "0..4": 0.05677908705715435,
      "5..9": 0.04605967452362807,
      "10..14": 0.042489535689179445,
      "15..19": 0.06733143045875899,
      "20..24": 0.09924034950862398,
      "25..29": 0.13058380380429266,
      "30..34": 0.09906299919935331,
      "35..39": 0.06956630138500311,
      "40..44": 0.05951388023199477,
      "45..49": 0.05765812772049591,
      "50..54": 0.05810150349367258,
      "55..59": 0.05503771264366339,
      "60..64": 0.04744506317140908,
      "65..69": 0.037097058169616295,
      "70..74": 0.02559756130473281,
      "75..79": 0.018793992194016097,
      "80..84": 0.013544166010170654,
      "85..110": 0.016097753434234523
    },
    "gender": {
      "male": 0.4844349400671618,
      "female": 0.5155650599328382
    },
    "race": {
      "white": 0.6212234344015904,
      "hispanic": 0.22141286509424626,
      "black": 0.2474756496740224,
      "asian": 0.09066456245236923,
      "native": 0.009193942844364823,
      "other": 0.001
    },
    "income": {
      "mean": 61782,
      "median": 48725,
      "00..10": 0.1,
      "10..15": 0.085,
      "15..25": 0.099,
      "25..35": 0.098,
      "35..50": 0.129,
      "50..75": 0.19699999999999998,
      "75..100": 0.11699999999999999,
      "100..150": 0.12300000000000001,
      "150..200": 0.028999999999999998,
      "200..999": 0.023
    },
    "education": {
      "less_than_hs": 0.257,
      "hs_degree": 0.409,
      "some_college": 0.268,
      "bs_degree": 0.066
    }
  },
  "Revere": {
    "population": 53422,
    "state": "Massachusetts",
    "county": "Suffolk County",
    "ages": {
      "0..4": 0.05677908705715435,
      "5..9": 0.04605967452362807,
      "10..14": 0.042489535689179445,
      "15..19": 0.06733143045875899,
      "20..24": 0.09924034950862398,
      "25..29": 0.13058380380429266,
      "30..34": 0.09906299919935331,
      "35..39": 0.06956630138500311,
      "40..44": 0.05951388023199477,
      "45..49": 0.05765812772049591,
      "50..54": 0.05810150349367258,
      "55..59": 0.05503771264366339,
      "60..64": 0.04744506317140908,
      "65..69": 0.037097058169616295,
      "70..74": 0.02559756130473281,
      "75..79": 0.018793992194016097,
      "80..84": 0.013544166010170654,
      "85..110": 0.016097753434234523
    },
    "gender": {
      "male": 0.4844349400671618,
      "female": 0.5155650599328382
    },
    "race": {
      "white": 0.6212234344015904,
      "hispanic": 0.22141286509424626,
      "black": 0.2474756496740224,
      "asian": 0.09066456245236923,
      "native": 0.009193942844364823,
      "other": 0.001
    },
    "income": {
      "mean": 65052,
      "median": 50900,
      "00..10": 0.08900000000000001,
      "10..15": 0.063,
      "15..25": 0.10800000000000001,
      "25..35": 0.092,
      "35..50": 0.13699999999999998,
      "50..75": 0.18100000000000002,
      "75..100": 0.13,
      "100..150": 0.131,
      "150..200": 0.044000000000000004,
      "200..999": 0.025
    },
    "education": {
      "less_than_hs": 0.182,
      "hs_degree": 0.28,
      "some_college": 0.401,
      "bs_degree": 0.136
    }
  },
  "Winthrop": {
    "population": 18164,
    "state": "Massachusetts",
    "county": "Suffolk County",
    "ages": {
      "0..4": 0.05677908705715435,
      "5..9": 0.04605967452362807,
      "10..14": 0.042489535689179445,
      "15..19": 0.06733143045875899,
      "20..24": 0.09924034950862398,
      "25..29": 0.13058380380429266,
      "30..34": 0.09906299919935331,
      "35..39": 0.06956630138500311,
      "40..44": 0.05951388023199477,
      "45..49": 0.05765812772049591,
      "50..54": 0.05810150349367258,
      "55..59": 0.05503771264366339,
      "60..64": 0.04744506317140908,
      "65..69": 0.037097058169616295,
      "70..74": 0.02559756130473281,
      "75..79": 0.018793992194016097,
      "80..84": 0.013544166010170654,
      "85..110": 0.016097753434234523
    },
    "gender": {
      "male": 0.4844349400671618,
      "female": 0.5155650599328382
    },
    "race": {
      "white": 0.6212234344015904,
      "hispanic": 0.22141286509424626,
      "black": 0.2474756496740224,
      "asian": 0.09066456245236923,
      "native": 0.009193942844364823,
      "other": 0.001
    },
    "income": {
      "mean": 81853,
      "median": 64169,
      "00..10": 0.053,
      "10..15": 0.049,
      "15..25": 0.078,
      "25..35": 0.077,
      "35..50": 0.128,
      "50..75": 0.168,
      "75..100": 0.15,
      "100..150": 0.16699999999999998,
      "150..200": 0.07,
      "200..999": 0.059000000000000004
    },
    "education": {
      "less_than_hs": 0.055,
      "hs_degree": 0.319,
      "some_college": 0.397,
      "bs_degree": 0.23
    }
  }
}