{
  "Aquinnah": {
    "population": 328,
    "state": "Massachusetts",
    "county": "Dukes County",
    "ages": {
      "0..4": 0.04728597028729985,
      "5..9": 0.05410717382507659,
      "10..14": 0.048557720099427715,
      "15..19": 0.0497716631019134,
      "20..24": 0.047979652003005954,
      "25..29": 0.049309208624776,
      "30..34": 0.05821145730967108,
      "35..39": 0.05722874154575409,
      "40..44": 0.05919417307358807,
      "45..49": 0.06832764899705185,
      "50..54": 0.08214347650153188,
      "55..59": 0.08087172668940401,
      "60..64": 0.08792415746574947,
      "65..69": 0.08306838545580669,
      "70..74": 0.05052315162726169,
      "75..79": 0.03017515463321579,
      "80..84": 0.021099485519394185,
      "85..110": 0.02422105324007168
    },
    "gender": {
      "male": 0.49523093820452047,
      "female": 0.5047690617954795
    },
    "race": {
      "white": 0.9051968321868316,
      "hispanic": 0.033874790450315044,
      "black": 0.03838372160240476,
      "asian": 0.009711544019885542,
      "native": 0.013468986646626973,
      "other": 0.001
    },
    "income": {
      "mean": 94183,
      "median": 65833,
      "00..10": 0.057999999999999996,
      "10..15": 0.042,
      "15..25": 0.042,
      "25..35": 0.1,
      "35..50": 0.083,
      "50..75": 0.233,
      "75..100": 0.067,
      "100..150": 0.2,
      "150..200": 0.075,
      "200..999": 0.1
    },
    "education": {
      "less_than_hs": 0.0,
      "hs_degree": 0.0,
      "some_college": 0.22899999999999998,
      "bs_degree": 0.7709999999999999
    }
  },
  "Chilmark": {
    "population": 916,
    "state": "Massachusetts",
    "county": "Dukes County",
    "ages": {
      "0..4": 0.04728597028729985,
      "5..9": 0.05410717382507659,
      "10..14": 0.048557720099427715,
      "15..19": 0.0497716631019134,
      "20..24": 0.047979652003005954,
      "25..29": 0.049309208624776,
      "30..34": 0.05821145730967108,
      "35..39": 0.05722874154575409,
      "40..44": 0.05919417307358807,
      "45..49": 0.06832764899705185,
      "50..54": 0.08214347650153188,
      "55..59": 0.08087172668940401,
      "60..64": 0.08792415746574947,
      "65..69": 0.08306838545580669,
      "70..74": 0.05052315162726169,
      "75..79": 0.03017515463321579,
      "80..84": 0.021099485519394185,
      "85..110": 0.02422105324007168
    },
    "gender": {
      "male": 0.49523093820452047,
      "female": 0.5047690617954795
    },
    "race": {
      "white": 0.9051968321868316,
      "hispanic": 0.033874790450315044,
      "black": 0.03838372160240476,
      "asian": 0.009711544019885542,
      "native": 0.013468986646626973,
      "other": 0.001
    },
    "income": {
      "mean": 122958,
      "median": 67813,
      "00..10": 0.055,
      "10..15": 0.046,
      "15..25": 0.10099999999999999,
      "25..35": 0.078,
      "35..50": 0.091,
      "50..75": 0.147,
      "75..100": 0.08800000000000001,
      "100..150": 0.192,
      "150..200": 0.059000000000000004,
      "200..999": 0.14300000000000002
    },
    "education": {
      "less_than_hs": 0.0,
      "hs_degree": 0.391,
      "some_college": 0.413,
      "bs_degree": 0.196
    }
  },
  "Edgartown": {
    "population": 4306,
    "state": "Massachusetts",
    "county": "Dukes County",
    "ages": {
      "0..4": 0.04728597028729985,
      "5..9": 0.05410717382507659,
      "10..14": 0.048557720099427715,
      "15..19": 0.0497716631019134,
      "20..24": 0.047979652003005954,
      "25..29": 0.049309208624776,
      "30..34": 0.05821145730967108,
      "35..39": 0.05722874154575409,
      "40..44": 0.05919417307358807,
      "45..49": 0.06832764899705185,
      "50..54": 0.08214347650153188,
      "55..59": 0.08087172668940401,
      "60..64": 0.08792415746574947,
      "65..69": 0.08306838545580669,
      "70..74": 0.05052315162726169,
      "75..79": 0.03017515463321579,
      "80..84": 0.021099485519394185,
      "85..110": 0.02422105324007168
    },
    "gender": {
      "male": 0.49523093820452047,
      "female": 0.5047690617954795
    },
    "race": {
      "white": 0.9051968321868316,
      "hispanic": 0.033874790450315044,
      "black": 0.03838372160240476,
      "asian": 0.009711544019885542,
      "native": 0.013468986646626973,
      "other": 0.001
    },
    "income": {
      "mean": 101048,
      "median": 56911,
      "00..10": 0.059000000000000004,
      "10..15": 0.038,
      "15..25": 0.0,
      "25..35": 0.126,
      "35..50": 0.21,
      "50..75": 0.201,
      "75..100": 0.14400000000000002,
      "100..150": 0.10800000000000001,
      "150..200": 0.068,
      "200..999": 0.046
    },
    "education": {
      "less_than_hs": 0.024,
      "hs_degree": 0.43200000000000005,
      "some_college": 0.29600000000000004,
      "bs_degree": 0.248
    }
  },
  "Gosnold": {
    "population": 77,
    "state": "Massachusetts",
    "county": "Dukes County",
    "ages": {
      "0..4": 0.04728597028729985,
      "5..9": 0.05410717382507659,
      "10..14": 0.048557720099427715,
      "15..19": 0.0497716631019134,
      "20..24": 0.047979652003005954,
      "25..29": 0.049309208624776,
      "30..34": 0.05821145730967108,
      "35..39": 0.05722874154575409,
      "40..44": 0.05919417307358807,
      "45..49": 0.06832764899705185,
      "50..54": 0.08214347650153188,
      "55..59": 0.08087172668940401,
      "60..64": 0.08792415746574947,
      "65..69": 0.08306838545580669,
      "70..74": 0.05052315162726169,
      "75..79": 0.03017515463321579,
      "80..84": 0.021099485519394185,
      "85..110": 0.02422105324007168
    },
    "gender": {
      "male": 0.49523093820452047,
      "female": 0.5047690617954795
    },
    "race": {
      "white": 0.9051968321868316,
      "hispanic": 0.033874790450315044,
      "black": 0.03838372160240476,
      "asian": 0.009711544019885542,
      "native": 0.013468986646626973,
      "other": 0.001
    },
    "income": {
      "mean": 52351,
      "median": 31406,
      "00..10": 0.039,
      "10..15": 0.0,
      "15..25": 0.21600000000000003,
      "25..35": 0.392,
      "35..50": 0.039,
      "50..75": 0.098,
      "75..100": 0.039,
      "100..150": 0.078,
      "150..200": 0.098,
      "200..999": 0.0
    },
    "education": {
      "less_than_hs": 0.0,
      "hs_degree": 0.857,
      "some_college": 0.0,
      "bs_degree": 0.14300000000000002
    }
  },
  "Oak Bluffs": {
    "population": 4677,
    "state": "Massachusetts",
    "county": "Dukes County",
    "ages": {
      "0..4": 0.04728597028729985,
      "5..9": 0.05410717382507659,
      "10..14": 0.048557720099427715,
      "15..19": 0.0497716631019134,
      "20..24": 0.047979652003005954,
      "25..29": 0.049309208624776,
      "30..34": 0.05821145730967108,
      "35..39": 0.05722874154575409,
      "40..44": 0.05919417307358807,
      "45..49": 0.06832764899705185,
      "50..54": 0.08214347650153188,
      "55..59": 0.08087172668940401,
      "60..64": 0.08792415746574947,
      "65..69": 0.08306838545580669,
      "70..74": 0.05052315162726169,
      "75..79": 0.03017515463321579,
      "80..84": 0.021099485519394185,
      "85..110": 0.02422105324007168
    },
    "gender": {
      "male": 0.49523093820452047,
      "female": 0.5047690617954795
    },
    "race": {
      "white": 0.9051968321868316,
      "hispanic": 0.033874790450315044,
      "black": 0.03838372160240476,
      "asian": 0.009711544019885542,
      "native": 0.013468986646626973,
      "other": 0.001
    },
    "income": {
      "mean": 74264,
      "median": 80225,
      "00..10": 0.08800000000000001,
      "10..15": 0.077,
      "15..25": 0.042,
      "25..35": 0.094,
      "35..50": 0.07,
      "50..75": 0.114,
      "75..100": 0.20800000000000002,
      "100..150": 0.248,
      "150..200": 0.04,
      "200..999": 0.019
    },
    "education": {
      "less_than_hs": 0.0,
      "hs_degree": 0.054000000000000006,
      "some_college": 0.789,
      "bs_degree": 0.157
    }
  },
  "Tisbury": {
    "population": 4099,